Workbook

Sheet SECTOR_AAA은행채
A1: ∼ | B1: 금융채-은행채-AAA | F1: ∼ | G1: 1.5년 은행채(AAA)
A2: 날짜 | B2: 3M | C2: 6M | D2: 9M | E2: 1Y | F2: 날짜 | G2: 1.5Y | H2: 2Y | I2: 2.5Y | J2: 3Y | K2: 4Y | L2: 5Y | M2: 7Y | N2: 10Y | O2: 15Y | P2: 20Y | Q2: 30Y | R2: 50Y
A3: 46120 | B3: 2.791 | C3: 2.864 | D3: 2.928 | E3: 3.098 | F3: 46120 | G3: 3.331 | H3: 3.474 | I3: 3.509 | J3: 3.648 | K3: 3.648 | L3: 3.768 | M3: 3.832 | N3: 4.069 | O3: 4.21 | P3: 4.34
A4: 46119 | B4: 2.801 | C4: 2.881 | D4: 2.975 | E4: 3.173 | F4: 46119 | G4: 3.447 | H4: 3.598 | I4: 3.63 | J4: 3.774 | K4: 3.779 | L4: 3.902 | M4: 3.952 | N4: 4.192 | O4: 4.328 | P4: 4.453
A5: 46118 | B5: 2.801 | C5: 2.882 | D5: 2.974 | E5: 3.17 | F5: 46118 | G5: 3.447 | H5: 3.596 | I5: 3.629 | J5: 3.757 | K5: 3.755 | L5: 3.877 | M5: 3.921 | N5: 4.162 | O5: 4.294 | P5: 4.415
A6: 46115 | B6: 2.806 | C6: 2.887 | D6: 2.976 | E6: 3.178 | F6: 46115 | G6: 3.463 | H6: 3.619 | I6: 3.653 | J6: 3.777 | K6: 3.776 | L6: 3.906 | M6: 3.94 | N6: 4.181 | O6: 4.307 | P6: 4.418
A7: 46114 | B7: 2.809 | C7: 2.898 | D7: 2.995 | E7: 3.188 | F7: 46114 | G7: 3.484 | H7: 3.651 | I7: 3.687 | J7: 3.807 | K7: 3.816 | L7: 3.956 | M7: 3.984 | N7: 4.23 | O7: 4.36 | P7: 4.476
A8: 46113 | B8: 2.811 | C8: 2.899 | D8: 2.996 | E8: 3.19 | F8: 46113 | G8: 3.429 | H8: 3.576 | I8: 3.578 | J8: 3.703 | K8: 3.714 | L8: 3.854 | M8: 3.868 | N8: 4.123 | O8: 4.273 | P8: 4.404
A9: 46112 | B9: 2.836 | C9: 2.926 | D9: 3.031 | E9: 3.246 | F9: 46112 | G9: 3.526 | H9: 3.708 | I9: 3.739 | J9: 3.877 | K9: 3.909 | L9: 4.05 | M9: 4.042 | N9: 4.304 | O9: 4.451 | P9: 4.58
A10: 46111 | B10: 2.844 | C10: 2.933 | D10: 3.033 | E10: 3.244 | F10: 46111 | G10: 3.512 | H10: 3.698 | I10: 3.72 | J10: 3.862 | K10: 3.925 | L10: 4.08 | M10: 4.08 | N10: 4.322 | O10: 4.479 | P10: 4.613
A11: 46108 | B11: 2.854 | C11: 2.945 | D11: 3.033 | E11: 3.242 | F11: 46108 | G11: 3.53 | H11: 3.736 | I11: 3.761 | J11: 3.908 | K11: 3.957 | L11: 4.12 | M11: 4.111 | N11: 4.352 | O11: 4.514 | P11: 4.65
A12: 46107 | B12: 2.839 | C12: 2.924 | D12: 3.006 | E12: 3.205 | F12: 46107 | G12: 3.496 | H12: 3.69 | I12: 3.709 | J12: 3.859 | K12: 3.905 | L12: 4.068 | M12: 4.061 | N12: 4.277 | O12: 4.45 | P12: 4.593
A13: 46106 | B13: 2.829 | C13: 2.897 | D13: 2.963 | E13: 3.154 | F13: 46106 | G13: 3.466 | H13: 3.696 | I13: 3.718 | J13: 3.869 | K13: 3.911 | L13: 4.063 | M13: 4.061 | N13: 4.282 | O13: 4.425 | P13: 4.553
A14: 46105 | B14: 2.822 | C14: 2.879 | D14: 2.941 | E14: 3.114 | F14: 46105 | G14: 3.432 | H14: 3.666 | I14: 3.695 | J14: 3.845 | K14: 3.89 | L14: 4.036 | M14: 4.034 | N14: 4.265 | O14: 4.414 | P14: 4.54
... A305: 45666 | B305: 3.12 | C305: 3.097 | D305: 2.932 | E305: 2.845 | F305: 45666 | G305: 2.765 | H305: 2.775 | I305: 2.846 | J305: 2.827 | K305: 2.896 | L305: 2.957 | M305: 3.162 | N305: 3.37 | O305: 3.426 | P305: 3.467
A307: 평 균 | B307: 2.709 | C307: 2.725 | D307: 2.718 | E307: 2.73 | F307: 평 균 | G307: 2.79 | H307: 2.836 | I307: 2.885 | J307: 2.966 | K307: 3 | L307: 3.147 | M307: 3.237 | N307: 3.545 | O307: 3.658 | P307: 3.761
A309: 1. 엑셀로 전환할 때에는 평가사 개수의 V 를 해제하고 선택영역(텍스트)를 이용하시기 바랍니다. 2. 협회(민평)은 KAP,KIS,NICE,FN 4사의 평균입니다. 3. 17시40분 ~ 18시10분 사이에 업데이트 됩니다. | F309: 1. 엑셀로 전환할 때에는 평가사 개수의 V 를 해제하고 선택영역(텍스트)를 이용하시기 바랍니다. 2. 협회(민평)은 KAP,KIS,NICE,FN 4사의 평균입니다. 3. 17시40분 ~ 18시10분 사이에 업데이트 됩니다.

Sheet SECTOR_AAA공사채
A1: ∼ | B1: 공사/공단채-공사/공단채-AAA | E1: 1.5년 공사채(AAA)
A2: 날짜 | B2: 3M | C2: 6M | D2: 9M | E2: 1Y | F2: 1.5Y | G2: 2Y | H2: 2.5Y | I2: 3Y | J2: 4Y | K2: 5Y | L2: 7Y | M2: 10Y | N2: 15Y | O2: 20Y | P2: 30Y | Q2: 50Y
A3: 46120 | B3: 2.775 | C3: 2.857 | D3: 2.937 | E3: 3.1 | F3: 3.271 | G3: 3.504 | H3: 3.551 | I3: 3.669 | J3: 3.672 | K3: 3.728 | L3: 3.783 | M3: 3.855 | N3: 3.834 | O3: 3.835 | P3: 3.743
A4: 46119 | B4: 2.777 | C4: 2.873 | D4: 2.981 | E4: 3.171 | F4: 3.382 | G4: 3.623 | H4: 3.676 | I4: 3.792 | J4: 3.797 | K4: 3.858 | L4: 3.898 | M4: 3.974 | N4: 3.952 | O4: 3.948 | P4: 3.851
A5: 46118 | B5: 2.782 | C5: 2.874 | D5: 2.981 | E5: 3.17 | F5: 3.382 | G5: 3.625 | H5: 3.677 | I5: 3.774 | J5: 3.774 | K5: 3.833 | L5: 3.869 | M5: 3.943 | N5: 3.918 | O5: 3.91 | P5: 3.824
A6: 46115 | B6: 2.784 | C6: 2.875 | D6: 2.985 | E6: 3.181 | F6: 3.399 | G6: 3.648 | H6: 3.699 | I6: 3.789 | J6: 3.789 | K6: 3.862 | L6: 3.889 | M6: 3.962 | N6: 3.931 | O6: 3.913 | P6: 3.834
A7: 46114 | B7: 2.791 | C7: 2.883 | D7: 3.005 | E7: 3.191 | F7: 3.434 | G7: 3.684 | H7: 3.737 | I7: 3.82 | J7: 3.831 | K7: 3.914 | L7: 3.936 | M7: 4.013 | N7: 3.988 | O7: 3.978 | P7: 3.917
A8: 46113 | B8: 2.791 | C8: 2.884 | D8: 3.001 | E8: 3.183 | F8: 3.376 | G8: 3.601 | H8: 3.625 | I8: 3.712 | J8: 3.728 | K8: 3.808 | L8: 3.825 | M8: 3.905 | N8: 3.898 | O8: 3.906 | P8: 3.825
A9: 46112 | B9: 2.819 | C9: 2.912 | D9: 3.031 | E9: 3.244 | F9: 3.473 | G9: 3.729 | H9: 3.788 | I9: 3.884 | J9: 3.915 | K9: 3.998 | L9: 3.997 | M9: 4.08 | N9: 4.074 | O9: 4.082 | P9: 3.979
A10: 46111 | B10: 2.826 | C10: 2.917 | D10: 3.032 | E10: 3.247 | F10: 3.457 | G10: 3.721 | H10: 3.771 | I10: 3.871 | J10: 3.932 | K10: 4.026 | L10: 4.032 | M10: 4.098 | N10: 4.102 | O10: 4.114 | P10: 3.999
A11: 46108 | B11: 2.836 | C11: 2.927 | D11: 3.037 | E11: 3.251 | F11: 3.479 | G11: 3.763 | H11: 3.814 | I11: 3.919 | J11: 3.964 | K11: 4.068 | L11: 4.061 | M11: 4.128 | N11: 4.137 | O11: 4.151 | P11: 4.029
A12: 46107 | B12: 2.824 | C12: 2.91 | D12: 3.015 | E12: 3.221 | F12: 3.453 | G12: 3.717 | H12: 3.764 | I12: 3.873 | J12: 3.913 | K12: 4.014 | L12: 4.011 | M12: 4.055 | N12: 4.074 | O12: 4.094 | P12: 3.969
A13: 46106 | B13: 2.814 | C13: 2.885 | D13: 2.967 | E13: 3.163 | F13: 3.413 | G13: 3.729 | H13: 3.772 | I13: 3.88 | J13: 3.917 | K13: 4.013 | L13: 4.009 | M13: 4.061 | N13: 4.049 | O13: 4.054 | P13: 3.926
A14: 46105 | B14: 2.814 | C14: 2.872 | D14: 2.952 | E14: 3.129 | F14: 3.378 | G14: 3.699 | H14: 3.749 | I14: 3.855 | J14: 3.893 | K14: 3.989 | L14: 3.985 | M14: 4.045 | N14: 4.037 | O14: 4.041 | P14: 3.911
... A305: 45666 | B305: 3.022 | C305: 3.046 | D305: 2.91 | E305: 2.832 | F305: 2.758 | G305: 2.787 | H305: 2.834 | I305: 2.791 | J305: 2.848 | K305: 2.905 | L305: 3.009 | M305: 3.007 | N305: 2.971 | O305: 2.888 | P305: 2.887

Sheet SECTOR_AA-기타금융채
A1: ∼ | B1: 금융채-기타금융채-AA- | F1: 1.5년 기타금융채(AA-)
A2: 날짜 | B2: 3M | C2: 6M | D2: 9M | E2: 1Y | F2: 1.5Y | G2: 2Y | H2: 2.5Y | I2: 3Y | J2: 4Y | K2: 5Y | L2: 7Y | M2: 10Y | N2: 15Y | O2: 20Y | P2: 30Y | Q2: 50Y
A3: 46120 | B3: 3.003 | C3: 3.067 | D3: 3.153 | E3: 3.426 | F3: 3.622 | G3: 3.895 | H3: 3.911 | I3: 4.056 | J3: 4.036 | K3: 4.147 | L3: 4.569 | M3: 5.409 | N3: 5.769 | O3: 6.074
A4: 46119 | B4: 3.005 | C4: 3.081 | D4: 3.201 | E4: 3.504 | F4: 3.734 | G4: 4.011 | H4: 4.028 | I4: 4.174 | J4: 4.166 | K4: 4.277 | L4: 4.691 | M4: 5.532 | N4: 5.887 | O4: 6.187
A5: 46118 | B5: 3.01 | C5: 3.085 | D5: 3.203 | E5: 3.498 | F5: 3.729 | G5: 4.005 | H5: 4.022 | I5: 4.157 | J5: 4.14 | K5: 4.251 | L5: 4.664 | M5: 5.502 | N5: 5.853 | O5: 6.149
A6: 46115 | B6: 3.015 | C6: 3.087 | D6: 3.2 | E6: 3.503 | F6: 3.744 | G6: 4.021 | H6: 4.038 | I6: 4.17 | J6: 4.156 | K6: 4.273 | L6: 4.684 | M6: 5.521 | N6: 5.866 | O6: 6.152
A7: 46114 | B7: 3.022 | C7: 3.093 | D7: 3.215 | E7: 3.508 | F7: 3.769 | G7: 4.047 | H7: 4.065 | I7: 4.199 | J7: 4.196 | K7: 4.32 | L7: 4.733 | M7: 5.571 | N7: 5.921 | O7: 6.212
A8: 46113 | B8: 3.027 | C8: 3.096 | D8: 3.213 | E8: 3.506 | F8: 3.702 | G8: 3.962 | H8: 3.953 | I8: 4.093 | J8: 4.094 | K8: 4.217 | L8: 4.616 | M8: 5.464 | N8: 5.833 | O8: 6.14
A9: 46112 | B9: 3.052 | C9: 3.121 | D9: 3.244 | E9: 3.556 | F9: 3.795 | G9: 4.09 | H9: 4.113 | I9: 4.265 | J9: 4.282 | K9: 4.411 | L9: 4.798 | M9: 5.644 | N9: 6.012 | O9: 6.316
A10: 46111 | B10: 3.05 | C10: 3.119 | D10: 3.239 | E10: 3.547 | F10: 3.776 | G10: 4.078 | H10: 4.094 | I10: 4.252 | J10: 4.301 | K10: 4.44 | L10: 4.837 | M10: 5.662 | N10: 6.039 | O10: 6.349
A11: 46108 | B11: 3.052 | C11: 3.121 | D11: 3.234 | E11: 3.539 | F11: 3.788 | G11: 4.112 | H11: 4.127 | I11: 4.293 | J11: 4.329 | K11: 4.48 | L11: 4.868 | M11: 5.692 | N11: 6.074 | O11: 6.386
A12: 46107 | B12: 3.027 | C12: 3.093 | D12: 3.199 | E12: 3.496 | F12: 3.749 | G12: 4.06 | H12: 4.072 | I12: 4.247 | J12: 4.279 | K12: 4.43 | L12: 4.82 | M12: 5.617 | N12: 6.011 | O12: 6.329
A13: 46106 | B13: 3.012 | C13: 3.064 | D13: 3.149 | E13: 3.426 | F13: 3.699 | G13: 4.058 | H13: 4.07 | I13: 4.25 | J13: 4.283 | K13: 4.424 | L13: 4.819 | M13: 5.622 | N13: 5.986 | O13: 6.289
A14: 46105 | B14: 3 | C14: 3.043 | D14: 3.128 | E14: 3.398 | F14: 3.663 | G14: 4.027 | H14: 4.038 | I14: 4.226 | J14: 4.262 | K14: 4.397 | L14: 4.795 | M14: 5.605 | N14: 5.974 | O14: 6.276
... A305: 45666 | B305: 3.307 | C305: 3.31 | D305: 3.233 | E305: 3.149 | F305: 3.077 | G305: 3.121 | H305: 3.189 | I305: 3.201 | J305: 3.261 | K305: 3.391 | L305: 3.975 | M305: 4.568 | N305: 4.933 | O305: 5.151

Sheet ISSUER(BOND)
A1: 회사코드 | B1: 회사명 | C1: 평가사 | D1: 분류 ▼ | E1: 3M | F1: 6M | G1: 9M | H1: 1Y | I1: 1Y6M | J1: 2Y | K1: 2Y6M | L1: 3Y | M1: 4Y | N1: 5Y | O1: 7Y | P1: 10Y | Q1: 15Y | R1: 20Y | S1: 30Y
A2: 02411 | B2: 기업은행 | C2: 3사 | D2: 금융채 은행채 AAA(중금-이표) | E2: 2.77 | F2: 2.838 | G2: 2.898 | H2: 3.046 | I2: 3.267 | J2: 3.426 | K2: 3.445 | L2: 3.559 | M2: 3.556 | N2: 3.705 | O2: 3.753 | P2: 3.996 | Q2: 4.131 | R2: 4.261
A3: 03401 | B3: 산업은행 | C3: 3사 | D3: 금융채 은행채 AAA(산금-이표) | E3: 2.77 | F3: 2.838 | G3: 2.898 | H3: 3.046 | I3: 3.267 | J3: 3.426 | K3: 3.445 | L3: 3.559 | M3: 3.552 | N3: 3.698 | O3: 3.73 | P3: 3.969 | Q3: 4.105 | R3: 4.227
A4: 00001 | B4: 신한은행 | C4: 3사 | D4: 금융채 은행채 AAA | E4: 2.791 | F4: 2.864 | G4: 2.928 | H4: 3.098 | I4: 3.331 | J4: 3.474 | K4: 3.509 | L4: 3.648 | M4: 3.648 | N4: 3.768 | O4: 3.832 | P4: 4.069 | Q4: 4.208 | R4: 4.34
A5: 00011 | B5: 스탠다드차타드은행 | C5: 3사 | D5: 금융채 은행채 AAA | E5: 2.801 | F5: 2.877 | G5: 2.945 | H5: 3.115 | I5: 3.348 | J5: 3.491 | K5: 3.526 | L5: 3.665 | M5: 3.666 | N5: 3.786 | O5: 3.848 | P5: 4.083 | Q5: 4.243 | R5: 4.365
A6: 00494 | B6: 하나은행 | C6: 3사 | D6: 금융채 은행채 AAA | E6: 2.791 | F6: 2.864 | G6: 2.928 | H6: 3.098 | I6: 3.331 | J6: 3.474 | K6: 3.509 | L6: 3.648 | M6: 3.648 | N6: 3.768 | O6: 3.832 | P6: 4.069 | Q6: 4.208 | R6: 4.34
A7: 00527 | B7: 아이엠뱅크 | C7: 3사 | D7: 금융채 은행채 AAA | E7: 2.803 | F7: 2.876 | G7: 2.94 | H7: 3.111 | I7: 3.345 | J7: 3.49 | K7: 3.526 | L7: 3.665 | M7: 3.667 | N7: 3.787 | O7: 3.847 | P7: 4.083 | Q7: 4.235 | R7: 4.365
A8: 00528 | B8: 부산은행 | C8: 3사 | D8: 금융채 은행채 AAA | E8: 2.803 | F8: 2.876 | G8: 2.94 | H8: 3.11 | I8: 3.343 | J8: 3.489 | K8: 3.524 | L8: 3.663 | M8: 3.666 | N8: 3.786 | O8: 3.845 | P8: 4.081 | Q8: 4.235 | R8: 4.363
A9: 02313 | B9: 국민은행 | C9: 3사 | D9: 금융채 은행채 AAA | E9: 2.791 | F9: 2.864 | G9: 2.928 | H9: 3.098 | I9: 3.331 | J9: 3.474 | K9: 3.509 | L9: 3.648 | M9: 3.648 | N9: 3.768 | O9: 3.832 | P9: 4.069 | Q9: 4.208 | R9: 4.34
A10: 03430 | B10: 한국수출입은행 | C10: 3사 | D10: 금융채 은행채 AAA | E10: 2.77 | F10: 2.838 | G10: 2.898 | H10: 3.046 | I10: 3.267 | J10: 3.426 | K10: 3.445 | L10: 3.559 | M10: 3.552 | N10: 3.698 | O10: 3.73 | P10: 3.971 | Q10: 4.11 | R10: 4.229
A11: 03946 | B11: 우리은행 | C11: 3사 | D11: 금융채 은행채 AAA | E11: 2.791 | F11: 2.864 | G11: 2.928 | H11: 3.098 | I11: 3.331 | J11: 3.474 | K11: 3.509 | L11: 3.648 | M11: 3.648 | N11: 3.768 | O11: 3.832 | P11: 4.069 | Q11: 4.208 | R11: 4.34
A12: 19327 | B12: 수협은행 | C12: 3사 | D12: 금융채 은행채 AAA | E12: 2.796 | F12: 2.869 | G12: 2.933 | H12: 3.104 | I12: 3.339 | J12: 3.483 | K12: 3.52 | L12: 3.66 | M12: 3.661 | N12: 3.78 | O12: 3.837 | P12: 4.074 | Q12: 4.217 | R12: 4.346
A13: 19845 | B13: 농협은행 | C13: 3사 | D13: 금융채 은행채 AAA | E13: 2.791 | F13: 2.864 | G13: 2.928 | H13: 3.098 | I13: 3.331 | J13: 3.474 | K13: 3.509 | L13: 3.648 | M13: 3.648 | N13: 3.768 | O13: 3.832 | P13: 4.069 | Q13: 4.208 | R13: 4.34
... A19: 14957 | B19: 한국장학재단 | C19: 3사 | D19: 공사/공단채 정부보증 | E19: 2.706 | F19: 2.775 | G19: 2.841 | H19: 3.013 | I19: 3.171 | J19: 3.388 | K19: 3.423 | L19: 3.524 | M19: 3.54 | N19: 3.683 | O19: 3.722 | P19: 3.775 | Q19: 3.758 | R19: 3.75
A20: 01576 | B20: 한국전력공사 | C20: 3사 | D20: 공사/공단채 AAA | E20: 2.8 | F20: 2.879 | G20: 2.964 | H20: 3.122 | I20: 3.296 | J20: 3.523 | K20: 3.58 | L20: 3.69 | M20: 3.711 | N20: 3.777 | O20: 3.862 | P20: 3.961 | Q20: 3.958 | R20: 3.96 | S20: 3.864
A21: 03432 | B21: 농협중앙회 | C21: 3사 | D21: 공사/공단채 AAA | E21: 2.786 | F21: 2.871 | G21: 2.959 | H21: 3.131 | I21: 3.298 | J21: 3.535 | K21: 3.577 | L21: 3.687 | M21: 3.691 | N21: 3.744 | O21: 3.794 | P21: 3.865 | Q21: 3.839 | R21: 3.84 | S21: 3.751
A22: 03523 | B22: 수협중앙회 | C22: 3사 | D22: 공사/공단채 AAA | E22: 2.83 | F22: 2.923 | G22: 3.005 | H22: 3.166 | I22: 3.339 | J22: 3.562 | K22: 3.597 | L22: 3.716 | M22: 3.713 | N22: 3.769 | O22: 3.815 | P22: 3.882 | Q22: 3.869 | R22: 3.865 | S22: 3.783
A23: 03602 | B23: 한국자산관리공사 | C23: 3사 | D23: 공사/공단채 AAA | E23: 2.733 | F23: 2.812 | G23: 2.891 | H23: 3.058 | I23: 3.223 | J23: 3.458 | K23: 3.504 | L23: 3.625 | M23: 3.622 | N23: 3.669 | O23: 3.75 | P23: 3.841 | Q23: 3.831 | R23: 3.832 | S23: 3.747
A24: 03776 | B24: 한국가스공사 | C24: 3사 | D24: 공사/공단채 AAA | E24: 2.797 | F24: 2.883 | G24: 2.957 | H24: 3.124 | I24: 3.294 | J24: 3.523 | K24: 3.571 | L24: 3.688 | M24: 3.693 | N24: 3.747 | O24: 3.805 | P24: 3.884 | Q24: 3.864 | R24: 3.863 | S24: 3.771
A25: 03832 | B25: 주택도시보증공사 | C25: 3사 | D25: 공사/공단채 AAA | E25: 2.804 | F25: 2.866 | G25: 2.935 | H25: 3.127 | I25: 3.291 | J25: 3.536 | K25: 3.578 | L25: 3.691 | M25: 3.687 | N25: 3.733 | O25: 3.789 | P25: 3.835 | Q25: 3.827 | R25: 3.846 | S25: 3.753
A26: 03920 | B26: 한국도로공사 | C26: 3사 | D26: 공사/공단채 AAA | E26: 2.751 | F26: 2.834 | G26: 2.916 | H26: 3.076 | I26: 3.241 | J26: 3.484 | K26: 3.54 | L26: 3.665 | M26: 3.671 | N26: 3.722 | O26: 3.774 | P26: 3.856 | Q26: 3.816 | R26: 3.78 | S26: 3.668
A27: 03934 | B27: 중소벤처기업진흥공단 | C27: 3사 | D27: 공사/공단채 AAA | E27: 2.722 | F27: 2.81 | G27: 2.883 | H27: 3.046 | I27: 3.217 | J27: 3.451 | K27: 3.497 | L27: 3.619 | M27: 3.627 | N27: 3.683 | O27: 3.745 | P27: 3.813 | Q27: 3.805 | R27: 3.805 | S27: 3.709
A28: 03936 | B28: 여수광양항만공사 | C28: 3사 | D28: 공사/공단채 AAA | E28: 2.799 | F28: 2.883 | G28: 2.963 | H28: 3.125 | I28: 3.298 | J28: 3.532 | K28: 3.585 | L28: 3.706 | M28: 3.715 | N28: 3.782 | O28: 3.847 | P28: 3.921 | Q28: 3.906 | R28: 3.903 | S28: 3.823
A29: 03937 | B29: 인천국제공항공사 | C29: 3사 | D29: 공사/공단채 AAA | E29: 2.788 | F29: 2.874 | G29: 2.952 | H29: 3.114 | I29: 3.288 | J29: 3.521 | K29: 3.568 | L29: 3.685 | M29: 3.685 | N29: 3.744 | O29: 3.823 | P29: 3.904 | Q29: 3.894 | R29: 3.893 | S29: 3.816
A30: 04019 | B30: 농어촌공사 | C30: 3사 | D30: 공사/공단채 AAA | E30: 2.783 | F30: 2.865 | G30: 2.944 | H30: 3.108 | I30: 3.281 | J30: 3.509 | K30: 3.561 | L30: 3.678 | M30: 3.68 | N30: 3.74 | O30: 3.791 | P30: 3.863 | Q30: 3.849 | R30: 3.843 | S30: 3.761
A31: 04130 | B31: 경기주택도시공사 | C31: 3사 | D31: 공사/공단채 AAA | E31: 2.814 | F31: 2.9 | G31: 2.987 | H31: 3.149 | I31: 3.326 | J31: 3.565 | K31: 3.616 | L31: 3.732 | M31: 3.74 | N31: 3.798 | O31: 3.874 | P31: 3.951 | Q31: 3.948 | R31: 3.956 | S31: 3.874
... A49: 65214 | B49: 광해광업공단 | C49: 3사 | D49: 공사/공단채 AAA | E49: 2.815 | F49: 2.894 | G49: 2.977 | H49: 3.141 | I49: 3.313 | J49: 3.545 | K49: 3.592 | L49: 3.709 | M49: 3.716 | N49: 3.776 | O49: 3.855 | P49: 3.945 | Q49: 3.944 | R49: 3.949 | S49: 3.857
A50: 16253 | B50: 평택도시공사 | C50: 3사 | D50: 공사/공단채 AA0 | E50: 2.838 | F50: 2.917 | G50: 3.028 | H50: 3.192 | I50: 3.403 | J50: 3.666 | K50: 3.749 | L50: 3.892 | M50: 3.925 | N50: 4.018 | O50: 4.103 | P50: 4.237 | Q50: 4.25 | R50: 4.301
A51: 17577 | B51: 용인도시공사 | C51: 3사 | D51: 공사/공단채 AA0 | E51: 2.957 | F51: 3.045 | G51: 3.151 | H51: 3.307 | I51: 3.525 | J51: 3.79 | K51: 3.868 | L51: 4 | M51: 4.022 | N51: 4.107 | O51: 4.185 | P51: 4.314 | Q51: 4.325 | R51: 4.372
A52: 19305 | B52: 하남도시공사 | C52: 3사 | D52: 공사/공단채 AA0 | E52: 2.869 | F52: 2.945 | G52: 3.06 | H52: 3.226 | I52: 3.46 | J52: 3.745 | K52: 3.844 | L52: 3.983 | M52: 3.994 | N52: 4.084 | O52: 4.168 | P52: 4.295 | Q52: 4.298 | R52: 4.344
A53: 56601 | B53: 김해시도시개발공사 | C53: 3사 | D53: 공사/공단채 AA0 | E53: 2.874 | F53: 2.949 | G53: 3.062 | H53: 3.223 | I53: 3.435 | J53: 3.7 | K53: 3.77 | L53: 3.888 | M53: 3.922 | N53: 4.016 | O53: 4.092 | P53: 4.222 | Q53: 4.242 | R53: 4.271
A54: 62757 | B54: 과천도시공사 | C54: 3사 | D54: 공사/공단채 AA0 | E54: 2.916 | F54: 2.996 | G54: 3.103 | H54: 3.269 | I54: 3.489 | J54: 3.748 | K54: 3.829 | L54: 3.952 | M54: 4.005 | N54: 4.095 | O54: 4.174 | P54: 4.307 | Q54: 4.31 | R54: 4.359
A55: 64605 | B55: 고양도시관리공사 | C55: 3사 | D55: 공사/공단채 AA0 | E55: 2.88 | F55: 2.959 | G55: 3.069 | H55: 3.226 | I55: 3.451 | J55: 3.727 | K55: 3.809 | L55: 3.948 | M55: 3.968 | N55: 4.057 | O55: 4.148 | P55: 4.277 | Q55: 4.285 | R55: 4.326
A56: 69301 | B56: 안산도시공사 | C56: 3사 | D56: 공사/공단채 AA0 | E56: 2.942 | F56: 3.025 | G56: 3.133 | H56: 3.287 | I56: 3.506 | J56: 3.77 | K56: 3.844 | L56: 3.98 | M56: 4.006 | N56: 4.097 | O56: 4.181 | P56: 4.314 | Q56: 4.315 | R56: 4.364
A57: 75809 | B57: 안양도시공사 | C57: 3사 | D57: 공사/공단채 AA0 | E57: 2.878 | F57: 2.979 | G57: 3.066 | H57: 3.224 | I57: 3.437 | J57: 3.711 | K57: 3.781 | L57: 3.898 | M57: 3.902 | N57: 4.001 | O57: 4.057 | P57: 4.194 | Q57: 4.223 | R57: 4.251
A58: 04004 | B58: 대구도시개발공사 | C58: 3사 | D58: 공사/공단채 AA+ | E58: 2.838 | F58: 2.916 | G58: 3.013 | H58: 3.161 | I58: 3.34 | J58: 3.601 | K58: 3.657 | L58: 3.778 | M58: 3.794 | N58: 3.877 | O58: 3.946 | P58: 4.075 | Q58: 4.082 | R58: 4.113
A59: 04021 | B59: 부산도시공사 | C59: 3사 | D59: 공사/공단채 AA+ | E59: 2.831 | F59: 2.911 | G59: 3.007 | H59: 3.153 | I59: 3.334 | J59: 3.601 | K59: 3.658 | L59: 3.786 | M59: 3.787 | N59: 3.862 | O59: 3.921 | P59: 4.042 | Q59: 4.04 | R59: 4.078
A60: 04067 | B60: 대전도시공사 | C60: 3사 | D60: 공사/공단채 AA+ | E60: 2.83 | F60: 2.913 | G60: 3.007 | H60: 3.159 | I60: 3.336 | J60: 3.596 | K60: 3.656 | L60: 3.784 | M60: 3.8 | N60: 3.876 | O60: 3.936 | P60: 4.059 | Q60: 4.067 | R60: 4.094
A61: 04908 | B61: 대구교통공사 | C61: 3사 | D61: 공사/공단채 AA+ | E61: 2.869 | F61: 2.951 | G61: 3.05 | H61: 3.207 | I61: 3.38 | J61: 3.645 | K61: 3.698 | L61: 3.826 | M61: 3.843 | N61: 3.921 | O61: 3.983 | P61: 4.109 | Q61: 4.112 | R61: 4.146
... A72: 76672 | B72: 세종도시교통공사 | C72: 3사 | D72: 공사/공단채 AA+ | E72: 2.849 | F72: 2.926 | G72: 3.022 | H72: 3.172 | I72: 3.349 | J72: 3.607 | K72: 3.663 | L72: 3.786 | M72: 3.803 | N72: 3.877 | O72: 3.939 | P72: 4.065 | Q72: 4.062 | R72: 4.11

Sheet ISSUER(CD)
A1: 기관코드 | B1: 회사명 | C1: 평가사 | D1: 신용등급 | E1: 1D | F1: 7D | G1: 10D | H1: 15D | I1: 1M | J1: 2M | K1: 3M | L1: 4M | M1: 6M | N1: 1Y | O1: 2Y
A2: 00001 | B2: 신한은행 | C2: 3사 | D2: AAA | E2: 2.56 | F2: 2.6 | H2: 2.65 | I2: 2.7 | J2: 2.76 | K2: 2.81 | L2: 2.82 | M2: 2.82 | N2: 2.82 | O2: 2.87
A3: 00011 | B3: 스탠다드차타드은행 | C3: 3사 | D3: AAA | E3: 2.57 | F3: 2.61 | H3: 2.66 | I3: 2.71 | J3: 2.77 | K3: 2.81 | L3: 2.82 | M3: 2.83 | N3: 2.84 | O3: 2.87
A4: 00494 | B4: 하나은행 | C4: 3사 | D4: AAA | E4: 2.57 | F4: 2.61 | H4: 2.65 | I4: 2.7 | J4: 2.77 | K4: 2.81 | L4: 2.82 | M4: 2.83 | N4: 2.83 | O4: 2.87
A5: 00527 | B5: 아이엠뱅크 | C5: 3사 | D5: AAA | E5: 2.57 | F5: 2.61 | H5: 2.66 | I5: 2.71 | J5: 2.77 | K5: 2.82 | L5: 2.82 | M5: 2.83 | N5: 2.84 | O5: 2.87
A6: 00528 | B6: 부산은행 | C6: 3사 | D6: AAA | E6: 2.57 | F6: 2.61 | H6: 2.65 | I6: 2.7 | J6: 2.77 | K6: 2.81 | L6: 2.82 | M6: 2.83 | N6: 2.83 | O6: 2.87
A7: 02313 | B7: 국민은행 | C7: 3사 | D7: AAA | E7: 2.57 | F7: 2.61 | H7: 2.65 | I7: 2.7 | J7: 2.77 | K7: 2.81 | L7: 2.82 | M7: 2.83 | N7: 2.83 | O7: 2.87
A8: 02411 | B8: 기업은행 | C8: 3사 | D8: AAA | E8: 2.57 | F8: 2.6 | H8: 2.65 | I8: 2.7 | J8: 2.76 | K8: 2.8 | M8: 2.82 | N8: 2.82
A9: 03401 | B9: 산업은행 | C9: 3사 | D9: AAA | E9: 2.56 | F9: 2.6 | H9: 2.64 | I9: 2.69 | J9: 2.75 | K9: 2.79 | M9: 2.82 | N9: 2.82
A10: 03946 | B10: 우리은행 | C10: 3사 | D10: AAA | E10: 2.56 | F10: 2.6 | H10: 2.65 | I10: 2.7 | J10: 2.76 | K10: 2.81 | L10: 2.82 | M10: 2.82 | N10: 2.82 | O10: 2.87
A11: 19327 | B11: 수협은행 | C11: 3사 | D11: AAA | E11: 2.58 | F11: 2.62 | H11: 2.66 | I11: 2.71 | J11: 2.77 | K11: 2.82 | M11: 2.83 | N11: 2.83
A12: 19845 | B12: 농협은행 | C12: 3사 | D12: AAA | E12: 2.56 | F12: 2.6 | H12: 2.65 | I12: 2.7 | J12: 2.76 | K12: 2.81 | L12: 2.82 | M12: 2.82 | N12: 2.82 | O12: 2.87
A13: 69090 | B13: 대화은행(서울지점) | C13: 3사 | D13: AAA | E13: 2.61 | F13: 2.65 | H13: 2.7 | I13: 2.76 | J13: 2.82 | K13: 2.87 | M13: 2.89 | N13: 2.89
A14: 74679 | B14: 크레디아그리콜코퍼레이트 | C14: 3사 | D14: AAA | E14: 2.6 | F14: 2.64 | H14: 2.69 | I14: 2.75 | J14: 2.81 | K14: 2.86 | M14: 2.88 | N14: 2.88

Sheet 기준금리
A1: =_xll.IMDH("ECO","68",A2:B2,"20210310",TODAY(),99999,"Per=일,sort=D,real=true,Bizday=12,Quote=종가,Pos=20,Orient=V,Title=한국:기준금리,DtFmt=1,TmFmt=1,unit=true") -> 한국:기준금리 | B1: 단위: %
A2: 일자 | B2: 현재가
A3: 46126 | B3: 2.5
A4: 46125 | B4: 2.5
A5: 46124
A6: 46123 | B6: 2.5
A7: 46122 | B7: 2.5
A8: 46121 | B8: 2.5
A9: 46120 | B9: 2.5
A10: 46119 | B10: 2.5
A11: 46118 | B11: 2.5
A12: 46117 | B12: 2.5
A13: 46116 | B13: 2.5
A14: 46115 | B14: 2.5
A15: 46114 | B15: 2.5
A16: 46113 | B16: 2.5
A17: 46112 | B17: 2.5
... A1864: 44265 | B1864: 0.5

Sheet PLOT_1
A1: 날짜 | B1: 1년 은행채(AAA) | C1: 1년 기타금융채(AA-) | D1: 1.5년 은행채(AAA) | E1: 1.5년 공사채(AAA) | F1: 1.5년 기타금융채(AA-) | G1: 기준금리
A2: 46120 | B2: 3.098 | C2: 3.426 | D2: 3.331 | E2: 3.271 | F2: 3.622 | G2: =VLOOKUP(A2,기준금리!A3:B468,2,FALSE) -> 2.5
A3: 46119 | B3: 3.173 | C3: 3.504 | D3: 3.447 | E3: 3.382 | F3: 3.734 | G3: =VLOOKUP(A3,기준금리!A4:B469,2,FALSE) -> 2.5
A4: 46118 | B4: 3.17 | C4: 3.498 | D4: 3.447 | E4: 3.382 | F4: 3.729 | G4: =VLOOKUP(A4,기준금리!A5:B470,2,FALSE) -> 2.5
A5: 46115 | B5: 3.178 | C5: 3.503 | D5: 3.463 | E5: 3.399 | F5: 3.744 | G5: =VLOOKUP(A5,기준금리!A6:B471,2,FALSE) -> 2.5
A6: 46114 | B6: 3.188 | C6: 3.508 | D6: 3.484 | E6: 3.434 | F6: 3.769 | G6: =VLOOKUP(A6,기준금리!A7:B472,2,FALSE) -> 2.5
A7: 46113 | B7: 3.19 | C7: 3.506 | D7: 3.429 | E7: 3.376 | F7: 3.702 | G7: =VLOOKUP(A7,기준금리!A8:B473,2,FALSE) -> 2.5
A8: 46112 | B8: 3.246 | C8: 3.556 | D8: 3.526 | E8: 3.473 | F8: 3.795 | G8: =VLOOKUP(A8,기준금리!A9:B474,2,FALSE) -> 2.5
A9: 46111 | B9: 3.244 | C9: 3.547 | D9: 3.512 | E9: 3.457 | F9: 3.776 | G9: =VLOOKUP(A9,기준금리!A10:B475,2,FALSE) -> 2.5
A10: 46108 | B10: 3.242 | C10: 3.539 | D10: 3.53 | E10: 3.479 | F10: 3.788 | G10: =VLOOKUP(A10,기준금리!A11:B476,2,FALSE) -> 2.5
A11: 46107 | B11: 3.205 | C11: 3.496 | D11: 3.496 | E11: 3.453 | F11: 3.749 | G11: =VLOOKUP(A11,기준금리!A12:B477,2,FALSE) -> 2.5
A12: 46106 | B12: 3.154 | C12: 3.426 | D12: 3.466 | E12: 3.413 | F12: 3.699 | G12: =VLOOKUP(A12,기준금리!A13:B478,2,FALSE) -> 2.5
A13: 46105 | B13: 3.114 | C13: 3.398 | D13: 3.432 | E13: 3.378 | F13: 3.663 | G13: =VLOOKUP(A13,기준금리!A14:B479,2,FALSE) -> 2.5
... A304: 45666 | B304: 2.845 | C304: 3.149 | D304: 2.765 | E304: 2.758 | F304: 3.077 | G304: =VLOOKUP(A304,기준금리!A305:B770,2,FALSE) -> 3

Sheet PLOT_2
B1: 1.5년 은행채(AAA) | C1: 1.5년 은행채(AAA) | D1: 1.5년 은행채(AAA) | E1: 1.5년 은행채(AAA) | F1: 1.5년 공사채(AAA) | G1: 1.5년 공사채(AAA) | H1: 1.5년 공사채(AAA) | I1: 1.5년 공사채(AAA) | J1: 1.5년 기타금융채(AA-) | K1: 1.5년 기타금융채(AA-) | L1: 1.5년 기타금융채(AA-) | M1: 1.5년 기타금융채(AA-)
A2: 날짜 | B2: 6M | C2: 1Y | D2: 1.5Y | E2: 2Y | F2: 6M | G2: 1Y | H2: 1.5Y | I2: 2Y | J2: 6M | K2: 1Y | L2: 1.5Y | M2: 2Y | N2: 기준금리
A3: 46120 | B3: 2.864 | C3: 3.098 | D3: 3.331 | E3: 3.474 | F3: 2.857 | G3: 3.1 | H3: 3.271 | I3: 3.504 | J3: 3.067 | K3: 3.426 | L3: 3.622 | M3: 3.895 | N3: 2.5
A4: 46119 | B4: 2.881 | C4: 3.173 | D4: 3.447 | E4: 3.598 | F4: 2.873 | G4: 3.171 | H4: 3.382 | I4: 3.623 | J4: 3.081 | K4: 3.504 | L4: 3.734 | M4: 4.011 | N4: 2.5
A5: 46118 | B5: 2.882 | C5: 3.17 | D5: 3.447 | E5: 3.596 | F5: 2.874 | G5: 3.17 | H5: 3.382 | I5: 3.625 | J5: 3.085 | K5: 3.498 | L5: 3.729 | M5: 4.005 | N5: 2.5
A6: 46115 | B6: 2.887 | C6: 3.178 | D6: 3.463 | E6: 3.619 | F6: 2.875 | G6: 3.181 | H6: 3.399 | I6: 3.648 | J6: 3.087 | K6: 3.503 | L6: 3.744 | M6: 4.021 | N6: 2.5
A7: 46114 | B7: 2.898 | C7: 3.188 | D7: 3.484 | E7: 3.651 | F7: 2.883 | G7: 3.191 | H7: 3.434 | I7: 3.684 | J7: 3.093 | K7: 3.508 | L7: 3.769 | M7: 4.047 | N7: 2.5
A8: 46113 | B8: 2.899 | C8: 3.19 | D8: 3.429 | E8: 3.576 | F8: 2.884 | G8: 3.183 | H8: 3.376 | I8: 3.601 | J8: 3.096 | K8: 3.506 | L8: 3.702 | M8: 3.962 | N8: 2.5
A9: 46112 | B9: 2.926 | C9: 3.246 | D9: 3.526 | E9: 3.708 | F9: 2.912 | G9: 3.244 | H9: 3.473 | I9: 3.729 | J9: 3.121 | K9: 3.556 | L9: 3.795 | M9: 4.09 | N9: 2.5
A10: 46111 | B10: 2.933 | C10: 3.244 | D10: 3.512 | E10: 3.698 | F10: 2.917 | G10: 3.247 | H10: 3.457 | I10: 3.721 | J10: 3.119 | K10: 3.547 | L10: 3.776 | M10: 4.078 | N10: 2.5
A11: 46108 | B11: 2.945 | C11: 3.242 | D11: 3.53 | E11: 3.736 | F11: 2.927 | G11: 3.251 | H11: 3.479 | I11: 3.763 | J11: 3.121 | K11: 3.539 | L11: 3.788 | M11: 4.112 | N11: 2.5
A12: 46107 | B12: 2.924 | C12: 3.205 | D12: 3.496 | E12: 3.69 | F12: 2.91 | G12: 3.221 | H12: 3.453 | I12: 3.717 | J12: 3.093 | K12: 3.496 | L12: 3.749 | M12: 4.06 | N12: 2.5
A13: 46106 | B13: 2.897 | C13: 3.154 | D13: 3.466 | E13: 3.696 | F13: 2.885 | G13: 3.163 | H13: 3.413 | I13: 3.729 | J13: 3.064 | K13: 3.426 | L13: 3.699 | M13: 4.058 | N13: 2.5
A14: 46105 | B14: 2.879 | C14: 3.114 | D14: 3.432 | E14: 3.666 | F14: 2.872 | G14: 3.129 | H14: 3.378 | I14: 3.699 | J14: 3.043 | K14: 3.398 | L14: 3.663 | M14: 4.027 | N14: 2.5
... A305: 45666 | B305: 3.097 | C305: 2.845 | D305: 2.765 | E305: 2.775 | F305: 3.046 | G305: 2.832 | H305: 2.758 | I305: 2.787 | J305: 3.31 | K305: 3.149 | L305: 3.077 | M305: 3.121 | N305: 3

Sheet PLOT_3
B1: 6M | C1: 1Y | D1: 1.5Y | E1: 2Y
A2: 1.5년 은행채(AAA) | B2: 2.864 | C2: 3.098 | D2: 3.331 | E2: 3.474
A3: 1.5년 공사채(AAA) | B3: 2.857 | C3: 3.1 | D3: 3.271 | E3: 3.504
A4: 1.5년 기타금융채(AA-) | B4: 3.067 | C4: 3.426 | D4: 3.622 | E4: 3.895
A5: 기준금리 | B5: 2.5 | C5: 2.5 | D5: 2.5 | E5: 2.5
